id,name,mastery,streak
1,Aarav Gowda,79.5,1
2,Aditya Shetty,97.0,2
3,Akshay Kumar,83.5,3
4,Anirudh Hegde,93.0,4
5,Arjun Gowda,77.5,5
6,Bharath Nayak,94.0,6
7,Chetan Kumar,88.5,7
8,Darshan Shetty,81.0,0
9,Dhanush Gowda,84.5,1
10,Dheeraj Hegde,75.0,2
11,Gagan Kumar,91.5,3
12,Harish Gowda,69.0,4
13,Karthik Shetty,87.5,5
14,Kishan Rao,84.0,6
15,Manjunath Gowda,80.5,7
16,Mohan Kumar,92.0,0
17,Nikhil Hegde,73.5,1
18,Puneeth Raj,89.0,2
19,Rahul Gowda,86.5,3
20,Rakesh Shetty,77.0,4
21,Rohan Hegde,92.5,5
22,Sachin Kumar,74.0,6
23,Sagar Gowda,91.5,7
24,Sanjay Rao,67.0,0
25,Shashank Hegde,79.5,1
26,Shreyas Gowda,86.0,2
27,Siddharth Shetty,94.5,3
28,Tejas Kumar,82.0,4
29,Varun Hegde,81.5,5
30,Vinay Gowda,96.0,6
31,Vishal Patil,72.5,7
32,Vivek Shetty,88.0,0
33,Yash Gowda,84.5,1
34,Abhishek Rao,75.0,2
35,Akash Hegde,91.5,3
36,Anand Kumar,69.0,4
37,Ashwin Gowda,87.5,5
38,Avinash Shetty,84.0,6
39,Chandan Hegde,80.5,7
40,Deepak Rao,92.0,0
41,Ganesh Gowda,73.5,1
42,Girish Patil,89.0,2
43,Kiran Shetty,86.5,3
44,Lokesh Gowda,77.0,4
45,Madhav Hegde,92.5,5
46,Naveen Kumar,74.0,6
47,Pranav Rao,91.5,7
48,Rakshith Gowda,67.0,0
49,Rohith Shetty,79.5,1
50,Suraj Hegde,86.0,2
51,Kavya Hegde,94.5,3
52,Keerthana Gowda,82.0,4
53,Lahari Rao,81.5,5
54,Lakshmi Patil,96.0,6
55,Manasa Shetty,72.5,7
56,Meghana Gowda,88.0,0
57,Nandini Hegde,84.5,1
58,Navya Rao,75.0,2
59,Neha Patil,91.5,3
60,Niharika Shetty,69.0,4
61,Pooja Gowda,87.5,5
62,Prakruthi Hegde,84.0,6
63,Preethi Rao,80.5,7
64,Rakshitha Gowda,92.0,0
65,Ranjitha Patil,73.5,1
66,Rashmi Shetty,89.0,2
67,Riya Gowda,86.5,3
68,Sahana Hegde,77.0,4
69,Samyuktha Rao,92.5,5
70,Sanjana Patil,74.0,6
71,Shalini Gowda,91.5,7
72,Shreya Shetty,67.0,0
73,Shruthi Hegde,79.5,1
74,Sindhu Rao,86.0,2
75,Sneha Gowda,94.5,3
76,Soumya Patil,82.0,4
77,Spandana Shetty,81.5,5
78,Swathi Gowda,96.0,6
79,Tanvi Hegde,72.5,7
80,Vaishnavi Rao,88.0,0
81,Varsha Gowda,84.5,1
82,Vidya Patil,75.0,2
83,Yamini Shetty,91.5,3
84,Aishwarya Gowda,69.0,4
85,Amrutha Hegde,87.5,5
86,Ananya Rao,84.0,6
87,Anusha Patil,80.5,7
88,Bhavana Gowda,92.0,0
89,Chaithra Shetty,73.5,1
90,Divya Hegde,89.0,2
91,Harshitha Rao,86.5,3
92,Janhavi Gowda,77.0,4
93,Kavana Patil,92.5,5
94,Kavyashree Shetty,74.0,6
95,Keerthi Rao,91.5,7
96,Mahima Gowda,67.0,0
97,Monisha Hegde,79.5,1
98,Pallavi Patil,86.0,2
99,Rachana Gowda,94.5,3
100,Sowmya Shetty,82.0,4
